name,email,phone,country
bailey wilson,bigbangthe1989@gmail.com,98765,Ireland
bailey wilson barry,bailey@gmail.com,9876598765,Ireland
justine wilson,justinewilson@yaho.co.uk,9812344,ireland
justine wilsonsss,justinewilson@yaho.com,981234423,ireland
justine wilsonssss,justinewilson@yaho.coms,9812344233,ireland
u8y0y8y8,bignagher@gmail.coom,987654,ireland
dwafawfa,dwafa@gmail.com,2567,ireland
igugiu,dwafssa@gmail.com,2567465,ireland
baileys,thhsis@gmail.com,89264758,ireland
jim bob,jimbob@gmail.com,89787242,United Kingdom
bill,bill123@gmail.com,987655678,United Kingdom
